<?xml version="1.0" encoding="UTF-8" standalone="yes"?>
<addon id="repository.Chameleon" name="[COLOR red]Chame[/COLOR][COLOR blue]leon[/COLOR][COLOR pink]K20[/COLOR] [COLOR yellow]TV[/COLOR] [COLOR green] Repository [/COLOR] " version="5.1.3" provider-name="Chameleon">
	<extension point="xbmc.addon.repository" name="Chameleon repo">
		<dir>
			<info compressed="false">http://cha1m.com/kids21/addons.xml</info>
			<checksum>http://cha1m.com/kids21/addons.xml.md5</checksum>
			<datadir zip="true">http://cha1m.com/kids21/zips</datadir>
		</dir>
	</extension>
	<extension point="xbmc.addon.metadata">
		<assets>
			<icon>icon.png</icon>
		</assets>
		<summary>Chameleon repo</summary>
		<description>Chameleon repo</description>
		<platform>all</platform>
	</extension>
</addon>

